Kode,Nama_Indo,Nama_Mandarin,Foto
BGA001323,Buku catatan kecil,БЪМЧБОаЁ,BGA001323
BGA007688,Buku catatan kecil,БЪМЧБОаЁ,BGA007688
BGA001504,Buku catatan kecil,БЪМЧБОаЁ,BGA001504
BGA000009,Buku catatan kecil,БЪМЧБОаЁ,BGA000009
BGA004989,Buku catatan,БЪМЧБО,BGA004989
BGA006595,Buku catatan A7,БЪМЧБО A7,BGA006595
BGA000029,Spidol merah,МЧКХБЪ Кь,BGA000029
BGA000030,Spidol hitam,МЧКХБЪ Кк,BGA000030
BGA000071,Spidol putih,МЧКХБЪ Аз,BGA000071
BGA005347,Spidol 701 merah,МЧКХБЪ 701 КьЩЋ,BGA005347
BGA000007,Spidol,АзАхБЪ,BGA000007
BGA001543,Spidol,АзАхБЪ РЖ,BGA001543
BGA001544,Spidol merah,АзАхБЪ Кь,BGA001544
BGA000066,Pulpen Gel,жаадБЪ,BGA000066
BGA000404,Pulpen gel merah,жаадБЪ КьЩЋ,BGA000404
BGA003651,Pulpen Warna biru,жаадБЪ РЖЩЋ,BGA003651
BGA003445,Smartpen 190.361.922.6,жЧФмБЪ 190.361.922.6,BGA003445
BGA000049,Pensil dua warna,ЫЋЩЋЧІБЪ,BGA000049
BGA000050,Pensil,ЧІБЪ,BGA000050
BGA000175,Kapur,ЗлБЪ,BGA000175
BGA001514,Pulpen isi ulang,жаадБЪаО,BGA001514
BGA000051,Pulpen isi ulang,ЫЎБЪБЪаО,BGA000051
BGA000064,Tipe-X,аое§вК,BGA000064
BGA000061,Penghapus,Я№ЦЄВС,BGA000061
BGA000008,Penghapus papan tulis,АзАхВС,BGA000008
BGA000205,Tempat Pulpen,БЪЭВ,BGA000205
BGA005443,Stabilo HL warna acak,гЋЙтБЪ HL беЩЋЫцЛњ,BGA005443
BGA000036,Stabilo,гЋЙтБЪ,BGA000036
BGA000045,Staple remover,Ц№ЖЄЦї,BGA000045
BGA002140,Stapler besar E0394,жиаЭЖЉЪщЛњ E0394,BGA002140
BGA000023,Stapler,ЖЉЪщЛњ,BGA000023
BGA004147,Stapler ZRM HD-50,ЖЉЪщЛњ ZRM HD-50,BGA004147
BGA000024,Staples,ЖЉЪщеы,BGA000024
BGA000217,Staples besar,ЖЉЪщеы Дѓ,BGA000217
BGA000218,Staples kecil,ЖЉЪщеы аЁ,BGA000218
BGA003820,Staples besar 23/13,жиаЭЖЉЪщЛњЖЉЪщеы 2313,BGA003820
BGA006873,Rautan Pensil SP-362,ОэБЪЕЖ SP-362,BGA006873
BGA000176,Selotip bening,ЭИУїНКДј,BGA000176
BGA001742,Selotip kertas 5cm*75/Gulungan,НгЗьХЃЦЄжНДј 5cm*75/Оэ,BGA001742
BGA000353,Double Tape (Standar),ЫЋУцНК,BGA000353
BGA000200,Double Tape (Foam),ХнФ­ЫЋУцНК,BGA000200
BGA000034,Lem 50g,НКЫЎ 50g,BGA000034
BGA004171,Lem ZG50 50ml,НКЫЎ ZG50 50ml,BGA004171
BGA001565,Lem 25gr,ЙЬЬхНК 25gr,BGA001565
BGA000237,Lem 25gr,ЙЬЬхНК 25gr,BGA000237
BGA000238,Klip panjang 51MM,ГЄЮВМа 51MM,BGA000238
BGA000241,Klip panjang 32MM,ГЄЮВМа 32MM,BGA000241
BGA000242,Klip panjang 25MM,ГЄЮВМа 25MM,BGA000242
BGA000222,Klip kertas kecil,аЁЛиаЮеы,BGA000222
BGA000212,Klip kertas besar,ДѓЛиаЮеы,BGA000212
BGA000027,Klip kertas,ЛиаЮеы,BGA000027
BGA000719,Jarum,ДѓЭЗеы,BGA000719
BGA000038,Cutter,УРЙЄЕЖЦЌ,BGA000038
BGA001785,Cutter 18mm,УРЙЄЕЖЦЌ 18mm,BGA001785
BGA007473,Cutter,УРЙЄЕЖЦЌ,BGA007473
BGA006003,Cutter 18MM,УРЙЄЕЖ 18MM,BGA006003
BGA000279,Mistar,ЫмСЯжБГп,BGA000279
BGA000390,Mistar 300MM,ЫмСЯжБГп 300MM,BGA000390
BGA000229,Rak dokumen,Ш§ВуЮФМўХЬ,BGA000229
BGA000058,Box dokumen,ЫмСЯЮФМўМм,BGA000058
BGA000413,Map plastik,зЪСЯДќ,BGA000413
BGA000057,Map plastik,ЫмСЯЮФМўМа,BGA000057
BGA000056,Map plastik,ЫмСЯЮФМўКа,BGA000056
BGA000187,Map Plastik,ЫмСЯЮФМўДќ,BGA000187
BGA005440,"Map Plastik 23,5*32CM",ЫмСЯЕЕАИКа 23.5*32cm,BGA005440
BGA007180,"Map Plastik 36*24,5CM",АДПлЪНЮФМўДќ 36*24.5CM,BGA007180
BGA005635,Map dokumen 75MM,ЮФМўКа 75MM,BGA005635
BGA006034,Map dokumen,ЮФМўДќ,BGA006034
BGA001491,Map dokumen,ЮФМўВс,BGA001491
BGA000021,Map dokumen,ЕЕАИДќ,BGA000021
BGA000063,Amplop,аХЗт,BGA000063
BGA004395,Bantex clipboard F4,ЮФМўМаАх F4,BGA004395
BGA000069,Bantex clipboard A4,A4АхМа,BGA000069
BGA003726,Bantex A4,ДђПзЮФМўКа A4,BGA003726
BGA000035,Bantex,ДЉПзЮФМўМа,BGA000035
BGA000769,Bantex,ПьРЭМа,BGA000769
BGA000733,Pemotong kertas A4,ЧажНЛњ A4,BGA000733
BGA000046,Pemotong kertas,ЧажНЛњ,BGA000046
BGA000368,Pemotong kertas A3,ВУжНЕЖ A3,BGA000368
BGA002588,Pembersih printer EPSON L1455,ДђгЁЛњЧхЩЈЦї EPSON L1455,BGA002588
BGA003406,Pembersih layar komputer set 5 buah,ЕчФдЦСФЛЧхНрМСЬззА 5МўЬз,BGA003406
BGA004859,Pelumas printer 10g,ДђгЁЛњШѓЛЌИр 10g,BGA004859
BGA002800,Mesin Paper Shredder 8280,ЫщжНЛњ Shredcat 8280,BGA002800
BGA005029,Puncher E0150,жиаЭДђПзЦї E0150,BGA005029
BGA002785,Puncher 32mm,ДђПзЦї 32mm,BGA002785
BGA000397,Puncher NO.85,ДђПзЦї NO.85,BGA000397
BGA000075,Puncher,ДђПзЦї,BGA000075
BGA000911,Papan tulis 1200 * 900mm,АзАх 1200*900mm,BGA000911
BGA001276,Papan tulis 120*240,АзАх 120240,BGA001276
BGA000006,Papan Tulis 901200MM,АзАх 901200MM,BGA000006
BGA004223,Papan tulis 1200*1800MM,АзАх 1200*1800MM,BGA004223
BGA001107,Kuas Lukis 10 #,гЭЛ­БЪ 10#,BGA001107
BGA000076,Kuas Lukis 7 inci,гЭЛ­БЪ 7Дч,BGA000076
BGA000793,Kuas Lukis 30cm,гЭЛ­БЪ 30cm,BGA000793
BGA001320,Kuas Lukis #6,гЭЛ­БЪ #6,BGA001320
BGA001321,Kuas Lukis #8,гЭЛ­БЪ #8,BGA001321
BGA000062,Karet gelang,Я№ЦЄНю,BGA000062
BGA000236,Stamp pad,гЁЬЈ,BGA000236
BGA006607,Stamp pad 12.1*8.7CM,гЁЬЈ 12.1*8.7CM,BGA006607
BGA002900,Stiker penanda,ЧЉзжЬљ,BGA002900
BGA007390,"Stiker penanda 2 x 4,8 cm, 100 lembar/kemasan",ЧЉзжЬљ 2*4.8CM 100еХ/Аќ,BGA007390
BGA004792,"Stiker informasi 1,27*50M",АзЩЋЙуИцВЛИЩНКЬљ 1.27*50M,BGA004792
BGA000780,Stiker mesin nomor baris TP-L122W,ЯпКХЛњЬљжН TP-L122W,BGA000780
BGA002187,Tempat ID Card 54 * 90 * 3mm,гВНКЫмСЯПЈЬз 54903mm,BGA002187
BGA000782,Tempat Kartu Label,ДХадБъЪЖПЈ,BGA000782
BGA007604,Tempat Kartu Label 65ЁС100 mm,ДХадБъЪЖПЈ65*100MMЫФТжЫФДХЭтПђГп,BGA007604
BGA003853,Kertas laminating 68 * 97mm,ЗтЫмФЄ 68*97mm,BGA003853
BGA000015,Kertas berperekat,ВЛИЩНКжН,BGA000015
BGA003504,Kertas berperekat A4 isi 50 lembar,ВЛИЩНКжН A4 50еХАќ,BGA003504
BGA002841,Kertas cetak berperekat A4,ВЛИЩНКДђгЁжН A4,BGA002841
BGA003202,Stick Note 76*76mm,БуЧЉжН 76*76mm,BGA003202
BGA001127,Kertas Tebal Warna Putih A4,АзЩЋКёжН A4,BGA001127
BGA000400,Kertas gambar teknik 90mm * 150 m,ЙЄГЬЛцЭМжН 90mm*150m,BGA000400
BGA000428,"Kertas gambar teknik A1 (0,62 * 50m)",ЙЄГЬЛцЭМжН A1(0.62*50m),BGA000428
BGA003483,Kertas gambar teknik A2 0.45*50m,ЙЄГЬЛцЭМжН A2 0.45*50m,BGA003483
BGA000060,Kertas foto A4,ЯрЦЌжН A4,BGA000060
BGA004066,Kertas label 12060500,Э­АцжНБъЧЉ 12060500,BGA004066
BGA000072,Kertas label,БъЧЉжН,BGA000072
BGA000208,Kertas label 10 lembar / paket,БъЧЉжН 10еХ/Аќ,BGA000208
BGA000740,"Kertas label 21 * 10,5",БъЧЉжН 21*10.5,BGA000740
BGA002164,Kertas label 150*70,БъЧЉжН 150*70,BGA002164
BGA002703,Kertas label 23cm,БъЧЉжН 23cm,BGA002703
BGA002704,"Kertas label 4,56cm",БъЧЉжН 4.56cm,BGA002704
BGA003308,Kertas label PT-2538+38YL-400/2F,БъЧЉжНPT-2538+38YL-4002F,BGA003308
BGA004600,Kertas label 253840MM,БъЧЉжН 253840MM,BGA004600
BGA005181,Kertas label 135*200MM (500 lbr),БъЧЉжН 135200MM 500еХОэ,BGA005181
BGA003394,Stiker label kode batang 135*200mm,ЬѕТыБъЧЉЬљжН135200mm,BGA003394
BGA003943,Kertas label 15*10CM green,БъЧЉжН 15*10CM ТЬЩЋ,BGA003943
BGA004862,Kertas label 100*20MM (500 lbr),ШШУєБъЧЉжН 100*20MM 500еХ/Оэ,BGA004862
BGA007269,Kertas label 100*80MM (500 lbr),ЕЅХХPETБъЧЉжН 100*80MM 500еХ/Оэ,BGA007269
BGA002038,Kertas label 30 * 12MM,БъЧЉжН 30*12MM,BGA002038
BGA003941,Kertas label 15*10CM ungu,БъЧЉжН 15*10CM зЯЩЋ,BGA003941
BGA003942,Kertas label 15*10CM merah,БъЧЉжН 15*10CM КьЩЋ,BGA003942
BGA002342,Kertas label (dengan kotak) 5MM,БъЧЉжН(ДјКаЃЉ CH-305WH 5MM,BGA002342
BGA000016,Kertas A3,ДђгЁжН A3,BGA000016
BGA000219,Kertas A4,ИДгЁжН A4,BGA000219
BGA000018,Kertas A4,ДђгЁжН A4,BGA000018
BGA000019,Kertas cetak warna warni,ДђгЁжН ВЪЩЋ,BGA000019
BGA000025,Kertas laminating A4,ЗтЫмФЄ A4,BGA000025
BGA000070,Kertas laminating A3,ЗтЫмФЄ A3,BGA000070
BGA000017,Kertas cetak 3 lembar,ДђгЁжН 3СЊ,BGA000017
BGA000020,Kertas cetak 4 lembar,ДђгЁжН 4СЊ,BGA000020
BGA001334,Kertas cetak rangkap tiga (1000 lbr),Ш§СЊДђгЁжН 9 12112(1000еХЃЉ,BGA001334
BGA002125,Kertas cetak 55 * 3000MM,ДђгЁжН 55*3000MM,BGA002125
BGA001557,Kertas cetak termal 58*48MM,ШШУєДђгЁжН 58*48MM,BGA001557
BGA002188,Kertas cetak termal 57 * 40mm,ШШУєДђгЁжН 57*40mm,BGA002188
BGA004902,Kertas cetak termal 804820000MM,ШШУєДђгЁжН 804820000MM,BGA004902
BGA007453,Kertas cetak termal 805020000mm,ШШУєДђгЁжН 805020000MM,BGA007453
BGA000199,Flashdisk 16G,UХЬ 16G,BGA000199
BGA000412,Flashdisk 32G,UХЬ 32G,BGA000412
BGA006475,Kartu SD 128GB,SDПЈ 128GB,BGA006475
BGA003398,Kartu Memori 256G,ФкДцПЈ 256G,BGA003398
BGA002654,Harddisk SSD SATA 3 240GB,ЙЬЬЌгВХЬ 240GB,BGA002654
BGA004028,Hard drive mekanis 1TB,ЛњаЕгВХЬ 1TB,BGA004028
BGA005025,"Hardisk INTEL 3,84TB",гВХЬ INTEL 3.84TB,BGA005025
BGA005026,Hardisk INTEL 2.4TB,гВХЬ INTEL 2.4TB,BGA005026
BGA000905,Hard disk 256G,гВХЬ 256G,BGA000905
BGA002725,Harddisk 6TB,гВХЬ 6TB,BGA002725
BGA000193,Hard disk (Computer Hard Disk) 500G,гВХЬ 500G,BGA000193
BGA003349,Harddisk 8T,гВХЬ 8T,BGA003349
BGA004591,Harddisk Komputer ST8000NM017B,гВХЬ ST8000NM017B,BGA004591
BGA003677,Hard Disk DS60HKVS-VH1,гВХЬ DS60HKVS-VH1,BGA003677
BGA000386,Hard disk 300G,гВХЬ 300G,BGA000386
BGA000749,Hard disk ST-6TB,гВХЬ ST-6TB,BGA000749
BGA004922,Harddisk ST6000V*008-6TB,гВХЬ ST6000V008-6TB,BGA004922
BGA005219,Harddisk 4T DS40HKVS-VH1,гВХЬ 4T DS40HKVS-VH1,BGA005219
BGA003609,Harddisk 6T-SC H4510,гВХЬ 6T-SC H4510,BGA003609
BGA005238,Harddisk DS63HKVS-78 6TB,гВХЬ DS63HKVS-78 6TB,BGA005238
BGA000423,Hard drive seluler 2T,вЦЖЏгВХЬ 2T,BGA000423
BGA000578,Hard disk eksternal 1TB,вЦЖЏгВХЬ1TB,BGA000578
BGA001727,Hard disk CCTV 6TB,МрПиМЖгВХЬ 6TB,BGA001727
BGA001982,Hard disk CCTV 4TB,МрПиМЖгВХЬ 4TB,BGA001982
BGA002321,Hard disk CCTV 10 TB,МрПиМЖгВХЬ 10TB,BGA002321
BGA002735,Hard disk CCTV 8T,МрПиМЖгВХЬ 8T,BGA002735
BGA004855,Hard drive mekanis 2TB,ЛњаЕгВХЬ 2TB,BGA004855
BGA005771,Hard drive mekanis 8TB,ЛњаЕгВХЬ 8TB,BGA005771
BGA003393,Server Hard Disk 4T SAS,ЗўЮёЦїгВХЬ4T SAS,BGA003393
BGA005088,Hard drive mekanis 4TB,ЛњаЕгВХЬ 4TB,BGA005088
BGA001634,Harddrive server 1.2TB 2.5,ЗўЮёЦїгВХЬ 1.2TB 2.5,BGA001634
BGA003513,Set Keyboard & Mouse Bluetooth MX Mekanik,ЮоЯпРЖбРМќЪѓЬззА MX Mechanical,BGA003513
BGA000223,Keyboard dan mouse,МќХЬЪѓБъ,BGA000223
BGA003493,Keyboard 260*530MM,МќХЬ 260*530MM,BGA003493
BGA000031,Keyboard (Detector Keyboard),МќХЬ,BGA000031
BGA005516,Keyboard MK100,МќХЬ MK100,BGA005516
BGA005463,Set keyboard dan mouse MK618,МќХЬЪѓБъЬззА MK618,BGA005463
BGA000797,Keyboard kontrol jaringan DS-1100K,ЭјТчПижЦМќХЬ DS-1100K,BGA000797
BGA003573,Komputer Tianyi 510Pro-1410B,ЕчФд Ььвн510Pro-1410B,BGA003573
BGA005218,Komputer host Yangtian T4900K-00IAB,ЩЯЮЛЛњ бяЬьT4900K-00IAB,BGA005218
BGA001629,Monitor 22B1H,ЯдЪОЦї 22B1H,BGA001629
BGA004944,Monitor Komputer DH-LM24-B201,ЩЬгУАьЙЋЯдЪОЦї DH-LM24-B201,BGA004944
BGA004607,CPU Desktop B730-K7651B,ЬЈЪНЕчФд B730-K7651B,BGA004607
BGA003338,CPU Industrial Vostro 3888,ЙЄПиЛњЕчФд VOSTRO 3888,BGA003338
BGA004879,CPU Dell T3660 I7-12700,DELLжїЛњ T3660 I7-12700...,BGA004879
BGA004871,CPU Mini SFF7010,ЮЂаЭМЦЫуЛњ SFF7010,BGA004871
BGA001204,CPU Mini Dell 3267,ЮЂаЭМЦЫуЛњ DELL 3267,BGA001204
BGA003653,CPU I7-11700,ЕчФджїЛњ I7-11700,BGA003653
BGA000626,CPU I5,ЕчФд I5,BGA000626
BGA004798,CPU A24926NH67,ЕчФд A24926NH67,BGA004798
BGA004941,Mouse nirkabel G304,ЮоЯпЪѓБъ G304,BGA004941
BGA002914,Mouse nirkabel M350,ЮоЯпЪѓБъ M350,BGA002914
BGA005386,Mouse nirkabel M170,ЮоЯпЪѓБъ M170,BGA005386
BGA000421,Mouse,ЪѓБъ,BGA000421
BGA000186,Mouse Pad,ЪѓБъЕц,BGA000186
BGA001632,Tinta stempel cair warna biru,гЁФргЭ РЖЩЋ,BGA001632
BGA005011,Tinta hitam 500 ml,ФЋж­КкЩЋ500ml,BGA005011
BGA002727,Tinta cetak merah 50ml,гЁгЭ КьЩЋ 50ml,BGA002727
BGA004064,Tinta Printer 774 Hitam 140ml,ДђгЁЛњФЋЫЎ 774 Кк 140ml,BGA004064
BGA002948,Tinta Printer BT-5000M Merah 48.8ml,ДђгЁЛњФЋЫЎ BT-5000M КьЩЋ 48.8ml,BGA002948
BGA002589,Tinta printer EPSON 774 140ml,ДђгЁЛњФЋЫЎ EPSON 774 140ml,BGA002589
BGA001968,Tinta printer T6641 70ML,ДђгЁЛњФЋЫЎ T6641зЈгУ 70ML,BGA001968
BGA000263,Tinta Mesin Cetak hitam 70ml,ДђгЁЛњФЋЫЎ Кк 70ML,BGA000263
BGA000041,Tinta Mesin Cetak merah 70ml,ДђгЁЛњФЋЫЎ Кь 70ML,BGA000041
BGA000042,Tinta Mesin Cetak kuning 70ml,ДђгЁЛњФЋЫЎ ЛЦ 70ML,BGA000042
BGA000043,Tinta Mesin Cetak biru 70ml,ДђгЁЛњФЋЫЎ РЖ 70ML,BGA000043
BGA000954,Tinta,ФЋж­,BGA000954
BGA007305,Tinta Hitam 450ml,ФЋж­ КкЩЋ 450ml,BGA007305
BGA000228,Tinta Refill,ФЋЫЎ ЬюГфаЭ,BGA000228
BGA002947,Tinta Printer BT-5000C Biru 48.8ml,ДђгЁЛњФЋЫЎ BT-5000C РЖЩЋ 48.8ml,BGA002947
BGA002949,Tinta Printer BT-5000Y Kuning 48.8ml,ДђгЁЛњФЋЫЎ BT-5000Y ЛЦЩЋ 48.8ml,BGA002949
BGA002946,Tinta Printer BT-D60BK Hitam 108ml,ДђгЁЛњФЋЫЎ BT-D60BK КкЩЋ 108ml,BGA002946
BGA003865,Tinta Printer 003 Hitam 65ML,ДђгЁЛњФЋЫЎ 003 Кк 65ML,BGA003865
BGA002135,Tinta Printer 003 Hitam 70ML,ДђгЁЛњФЋЫЎ 003 Кк 70ML,BGA002135
BGA003862,ДђгЁЛњФЋЫЎ 003 Кь 65ML,Tinta Printer 003 Merah 65ML,BGA003862
BGA002137,ДђгЁЛњФЋЫЎ 003 Кь 70ML,Tinta Printer 003 Merah 70ML,BGA002137
BGA003864,ДђгЁЛњФЋЫЎ 003 ЛЦ 65ML,Tinta Printer 003 Kuning 65ML,BGA003864
BGA002136,ДђгЁЛњФЋЫЎ 003 ЛЦ 70ML,Tinta Printer 003 Kuning 70ML,BGA002136
BGA003863,ДђгЁЛњФЋЫЎ 003 РЖ 65ML,Tinta Printer 003 Biru 65ML,BGA003863
BGA002138,ДђгЁЛњФЋЫЎ 003 РЖ 70ML,Tinta Printer 003 Biru 70ML,BGA002138
BGA002886,ДђгЁЛњФЋЫЎ 008 Кк 127ML,Tinta Printer 008 Hitam 127ML,BGA002886
BGA002888,ДђгЁЛњФЋЫЎ 008 Кь 70ML,Tinta Printer 008 Merah 70ML,BGA002888
BGA002887,ДђгЁЛњФЋЫЎ 008 ЛЦ 70ML,Tinta Printer 008 Kuning 70ML,BGA002887
BGA002889,ДђгЁЛњФЋЫЎ 008 РЖ 70ML,Tinta Printer 008 Biru 70ML,BGA002889
BGA000225,ФЋЗлКа ЯФЦе,Kotak toner,BGA000225
BGA000354,ЬМЗл 200g,Toner 200g,BGA000354
BGA000980,ЬМЗл 90g,Serbuk Toner 90g,BGA000980
BGA000003,ЬМЗл NT-71710L,Toner NT-71710L,BGA000003
BGA004748,ЬМЗл CC388A КкЩЋ 135g,Toner CC388A hitam 135g,BGA004748
BGA000161,ФЋЗл MX-23C,Serbuk Toner MX-23C,BGA000161
BGA000162,ФЋЗл MX-23K,Serbuk Toner MX-23K,BGA000162
BGA000163,ФЋЗл MX-23M,Serbuk Toner MX-23M,BGA000163
BGA000164,ФЋЗл MX-23Y,Serbuk Toner MX-23Y,BGA000164
BGA000148,ФЋЗл 200gЦП,Botol toner 200gr,BGA000148
BGA002933,ФЋЗл MFC-L5900DW,Toner MFC-L5900DW,BGA002933
BGA006792,ФЋЗл 500g ЪЪХфMX-M265N,Toner 500g untuk MX-M265N,BGA006792
BGA001564,ФЋЗл ЯФЦе 500G,Toner Sharp 500G,BGA001564
BGA003268,ДђгЁЛњФЋЗл TN-3448,Toner pencetak TN-3448,BGA003268
BGA001349,ДђгЁЛњФЋЗл,toner pencetak,BGA001349
BGA001165,ДђгЁЛњФЋЗл ОЉДЩFS-6530,Toner Printer Kyocera FS-6530,BGA001165
BGA007392,ДђгЁЛњЬМЗл500gЪЪХфMX-315NMX-M265N,0,BGA007392
BGA007871,ДђгЁЛњЬМЗл500g,0,BGA007871
BGA003484,диЬх BPAV200,Carrier BPAV200,BGA003484
BGA000403,ЬМЗлКа NT-C0388A,Kartrid toner NT-C0388A,BGA000403
BGA007306,ЬМЗлКа BP-AT300 КкЩЋ,Karton BP-AT300 hitam,BGA007306
BGA006570,ЬМЗлКа W1333X КкЩЋ,Kartrid Toner W1333X Hitam,BGA006570
BGA000365,ФЋЗлЭВ CT202384,Toner cartridge CT202384,BGA000365
BGA002769,ЛнЦеЮјЙФ 307A КкЩЋ,Kartrid Toner HP 307A Hitam,BGA002769
BGA000131,ДђгЁЮјЙФ CF213AКьЩЋ,Kartrid Mesin cetak CF213A merah,BGA000131
BGA000128,ДђгЁЮјЙФ CF210AКкЩЋ,Kartrid Mesin cetak CF210A hitam,BGA000128
BGA000129,ДђгЁЮјЙФ CF211AЧрЩЋ,Kartrid Toner CF211A cyan,BGA000129
BGA000130,ДђгЁЮјЙФ CF212AЛЦЩЋ,Kartrid Toner CF212A warna kuning,BGA000130
BGA002408,HP7720 ФЋКа РЖЩЋ,HP7720 ink cartridge blue,BGA002408
BGA002406,HP7720 ФЋКа КкЩЋ,Kartrid tinta HP7720 berwarna hitam,BGA002406
BGA004019,ДђгЁЛњФЋКа TN-3448,Kartrid Printer TN-3448,BGA004019
BGA004596,ДђгЁЛњФЋКа КкЩЋ BP AT70BA,Kartrid Printer Hitam BP AT70BA,BGA004596
BGA004597,ДђгЁЛњФЋКа КьЩЋ BP AT70MA,Kartrid Printer Merah BP AT70MA,BGA004597
BGA004598,ДђгЁЛњФЋКа ЛЦЩЋ BP AT70YA,Kartrid printer kuning BP AT70YA,BGA004598
BGA004599,ДђгЁЛњФЋКа РЖЩЋ BP AT70CA,Kartrid Printer Biru BP AT70CA,BGA004599
BGA000132,ФЋКа LC400BK,Ink Cartridge LC400BK,BGA000132
BGA000133,ФЋКа LC400C,Kartrid Tinta LC400C,BGA000133
BGA000134,ФЋКа LC400M,Tinta Cartridge LC400M,BGA000134
BGA000137,ФЋКа LC583C,Kartrid tinta LC583C,BGA000137
BGA000138,ФЋКа LC583M,Kartrid tinta LC583M,BGA000138
BGA000401,ФЋКа КкЩЋ678 ,Kartrid Tinta Hitam 678,BGA000401
BGA000226,ФЋКа LC595XL,Kartrid inkjet LC595XL,BGA000226
BGA000227,ФЋКа LC599XL,Kartrid inkjet LC595XL,BGA000227
BGA000345,ФЋКа CL-811,Kartrid tinta CL-811,BGA000345
BGA000346,ФЋКа MX-312AR,Kartrid Tinta MX-312AR,BGA000346
BGA000585,ФЋКа Кк82,Kartrid tinta hitam 82,BGA000585
BGA003556,ФЋКа CZ192A ,Kartrid Tinta CZ192A,BGA003556
BGA002308,ФЋКа Кк810,Kartrid tinta hitam 810,BGA002308
BGA000039,ФЋКа HP,Kartrid Tinta HP,BGA000039
BGA000135,ФЋКа LC400Y,Tinta Kartrid LC400Y,BGA000135
BGA000143,ФЋКа A3MX312CT-A-B,Kartrid tinta A3MX312CT-A-B,BGA000143
BGA000201,ФЋКа Кк933XL,Kartrid tinta hitam 933XL,BGA000201
BGA000202,ФЋКа Кь933XL,Tinta kartrid merah 933XL,BGA000202
BGA000203,ФЋКа ЛЦ933XL,Tinta kartrid kuning  933XL,BGA000203
BGA000204,ФЋКа РЖ933XL,Tinta kartrid biru 933XL,BGA000204
BGA000259,ФЋКа 802ВЪЩЋ,Kartrid tinta 802 warna,BGA000259
BGA000347,ФЋКа Кк60,Kartrid tinta hitam 60,BGA000347
BGA000348,ФЋКа Кк678,Kartrid tinta hitam 678,BGA000348
BGA000349,ФЋКа Кк920XL,Kartrid Tinta Hitam 920XL,BGA000349
BGA000402,ФЋКа Ш§ЩЋ802,Kartrid tinta tiga warna 802,BGA000402
BGA000405,ФЋКа Ш§ЩЋ901,Kartrid tinta tiga warna 901,BGA000405
BGA001769,ФЋКа LC586C,Kartrid tinta LC586C,BGA001769
BGA002306,ФЋКа Ш§ЩЋ60,Kartrid tinta tiga warna 60,BGA002306
BGA002864,ФЋКа TN-3448,Kartrid Tinta TN-3448,BGA002864
BGA005039,ФЋКа 130254,Kartrid 130/254,BGA005039
BGA003557,ФЋКа 307A КьЩЋ,Kartrid Tinta 307A Merah,BGA003557
BGA003558,ФЋКа 307A РЖЩЋ,Kartrid Tinta 307A Biru,BGA003558
BGA003559,ФЋКа 307A КкЩЋ,Kartrid Tinta 307A Hitam,BGA003559
BGA003560,ФЋКа 307A ЛЦЩЋ,Kartrid Tinta 307A Kuning,BGA003560
BGA003372,ФЋКа 955XL КкЩЋ,Kartrid Tinta 955XL Hitam,BGA003372
BGA003373,ФЋКа 955XL РЖЩЋ,Kartrid Tinta 955XL Biru,BGA003373
BGA003374,ФЋКа 955XL ЛЦЩЋ,Kartrid Tinta 955XL Kuning,BGA003374
BGA003375,ФЋКа 955XL КьЩЋ,Kartrid Tinta 955XL Merah,BGA003375
BGA002895,ФЋКа A3MX315CT КкЩЋ,Kartrid A3MX315CT Hitam,BGA002895
BGA003003,ФЋКа BP-AT300 КкЩЋ,Kartrid Tinta BP-AT300 Hitam,BGA003003
BGA000125,ЮјЙФ MX-312A,Kartrid toner MX-312A,BGA000125
BGA000235,ЮјЙФ TN2215,Toner cartridge TN2215,BGA000235
BGA001791,ЮјЙФ,Kartrid toner,BGA001791
BGA000234,ЮјЙФ CC388A,Toner cartridge CC388A,BGA000234
BGA000358,ЮјЙФ TN-2260,Kartrid Toner TN-2260,BGA000358
BGA002129,ЮјЙФ DR-2250,Kartrid Toner DR-2250,BGA002129
BGA004301,ЮјЙФ cf230a КкЩЋ,Kartrid toner cf230a hitam,BGA004301
BGA001188,ЮјЙФ HP CZ192A ,Toner cartridge HP CZ192A,BGA001188
BGA003652,взМгЗлЮјЙФ W110A,Easy Refill Toner Cartridge W110A,BGA003652
BGA002407,HP7720 ФЋКа ЛЦЩЋ,Kartrid tinta HP7720 berwarna kuning,BGA002407
BGA002409,HP7720 ФЋКа КьЩЋ,Kartrid tinta HP7720 berwarna merah,BGA002409
BGA000880,МЄЙтДђгЁЛњЗлКа LS-CE285A,Printer laser toner cartridge LS-CE285A,BGA000880
BGA000126,ЗлВж LSBR2240TN,Katrid Toner LSBR2240TN,BGA000126
BGA000885,ЗлВж Ш§аЧY406S,Katrid Toner Samsung Y406S,BGA000885
BGA001102,ЗлВж K406S,Katrid Toner K406S,BGA001102
BGA000103,ДїЖћ1260 ЮјЙФ ЪЪгУгк1265,Kartrid toner Dell 1260 cocok untuk 1265,BGA000103
BGA006668,ЬМЗлКаTN-3608КкЩЋ,0,BGA006668
BGA007498,ХчТыЛњФЋКаM660АзЩЋ200ml,0,BGA007498
BGA005778,ЙтЙФ ЯФЦе MX-312CR,Drum Optik Tajam MX-312CR,BGA005778
BGA000831,ЙФМм SHAPP 261,Rak drum SHAPP 261,BGA000831
BGA000680,ЙтЙФ ЯФЦеMX-312AR,Drum ringan Sharp MX-312AR,BGA000680
BGA002405,ДђгЁЛњДъжНТжЦЄЬз EPSON L5190,Printer pickup roller holster EPSON L5190,BGA002405
BGA002587,ДђгЁЛњжЇМмзщМў EPSON L5190,Rakitan dudukan printer EPSON L5190,BGA002587
BGA002402,ДђгЁЛњЙтеЄ EPSON L565,Raster printer EPSON L565,BGA002402
BGA000742,Й§ЫмЛњ,Laminator,BGA000742
BGA007615,Й§ЫмЛњVT-330A3,0,BGA007615
BGA002123,ЩЋДј SP-R1301B,Pita Tinta Cetak SP-R1301B,BGA002123
BGA000352,Pita warna Ribbon Master TP-R100B,ЩЋДј ЫЖЗН TP-R100B,BGA000352
BGA002349,ЯпКХЛњЩЋДј TP-R1002B КкЩЋ,Mesin Nomor Baris Pita Tp-R1002B Hitam,BGA002349
BGA002913,ДђгЁЛњЩЋДј TP-R1002B,Pita Pencetak TP-R1002B,BGA002913
BGA000047,ЩЋДјаО ,Inti pita warna,BGA000047
BGA001306,ЩЋДјаО LX310,Inti pita LX310,BGA001306
BGA000004,ЩЋДј LX310,Pita Warna LX310,BGA000004
BGA000230,ЩЋДј LX630,Pita LX630,BGA000230
BGA001839,ЩЋДј ND-LQ630K,Ribbon ND-LQ630K,BGA001839
BGA001070,ДђгЁЛњЩЋДјМм ND-LQ630K,Pemegang Pita Mesin Cetak ND-LQ630K,BGA001070
BGA006691,ЕчзгЕиАѕЩЋДј ERC-05 7.3*2.4*0.74CM,"Pita skala elektronik ERC-05 7,3*2,4*0,74CM",BGA006691
BGA000391,ЩЋДј RS-80B,Pita RS-80B,BGA000391
BGA002307,ЩЋДј LM-IR300B,Pita LM-IR300B,BGA002307
BGA000818,ЩЋДј 5707B-1B,Pita warna 5707B-1B,BGA000818
BGA002069,ЩЋДј LM-IR300B-AS,Pita LM-IR300B-AS,BGA002069
BGA000388,ДђТыЛњЩЋДј,Pita mesin pengodean,BGA000388
BGA001774,ЩЋДј TZe-Z631,Pita TZe-Z631,BGA001774
BGA007337,ЩЋДјP780BTPRO24MM,0,BGA007337
BGA003579,ЩЋДј Tze 441,Pita Tze 441,BGA003579
BGA003580,ЩЋДј Tze 241,Pita Tze 241,BGA003580
BGA003581,ЩЋДј Tze 431,Pita Tze 431,BGA003581
BGA003582,ЩЋДј Tze 231,Pita Tze 231,BGA003582
BGA002039,БъЧЉЩЋДј TZE-651 24mm,Label Ribbon TZE-651 24mm,BGA002039
BGA002142,ЩЋДј ZXP SERIES 3,Ribbon ZXP SERIES 3,BGA002142
BGA003310,ЬМДјB50,Pita B50,BGA003310
BGA001479,ЬМДј 110300,Pita 110 * 300,BGA001479
BGA000177,БъХЦЛњЩЋДјSP-R130B,Pita Reklame SP-R130B,BGA000177
BGA001865,ДђгЁЛњХчЭЗ L565,Nosel printer L565,BGA001865
BGA001872,ДђгЁЛњХчЭЗ LX-310 LX-1310,Nozzle printer LX-310 LX-1310,BGA001872
BGA002976,ДђгЁЛњ L5290,Pencetak L5290,BGA002976
BGA002645,ДђгЁЛњ M701A,Printer M701A,BGA002645
BGA000332,ДђгЁЛњ L1300,Printer L1300,BGA000332
BGA002646,ДђгЁЛњ CE711A,Pencetak CE711A,BGA002646
BGA005037,ДђгЁЛњ P2210,Pencetak P2210,BGA005037
BGA004414,ДђгЁЛњ BP50C26,Pencetak BP50C26,BGA004414
BGA000514,ДђгЁЛњ 105SL PLUS,Mesin Cetak 105SL PLUS,BGA000514
BGA002879,ДђгЁЛњ SHARP BP30M31,Printer TAJAM BP30M31,BGA002879
BGA000243,ДђгЁЛњEPSON L565,Printer EPSON L565,BGA000243
BGA004872,МЄЙтДђгЁЛњ CE65SA,Pencetak laser CE65SA,BGA004872
BGA004149,МЄЙтДђгЁЛњ M701n/A3,Laser Printer M701n/A3,BGA004149
BGA001447,МЄЙтДђгЁЛњ HP,Printer laser HP,BGA001447
BGA003522,ЬѕТыДђгЁЛњ B-EX6T1-TS12-CN-R,Mesin Cetak B-EX6T1-TS12-CN-R,BGA003522
BGA004161,аЁЦБДђгЁЛњ TM-U220B,Printer Resi TM-U220B,BGA004161
BGA003854,АЎЦеЩњДђгЁЛњ M188D,Printer epson M188D,BGA003854
BGA000011,еыЪНДђгЁЛњ LX-310,Mesin Cetak cytlus LX-310,BGA000011
BGA006441,еыЪНДђгЁЛњLX-310,0,BGA006441
BGA000396,БъЧЉДђгЁЛњ S650 ,Mesin Cetak label S650,BGA000396
BGA003290,БъЧЉЛњ PT-E300,Printer Label PT-E300,BGA003290
BGA003289,БъЧЉЛњ PT-E550W,Dasar 32*32*600MM,BGA003289
BGA003313,БъЧЉДђгЁЛњB50,pencetak label B50,BGA003313
BGA000355,ЭЖгАвЧжЇМм,Dudukan proyektor,BGA000355
BGA002296,ЭЖгАвЧ EB-E500,Proyektor EB-E500,BGA002296
BGA002586,ЭЖгАвЧ EPSON EB-FH52,Proyektor EPSON EB-FH52,BGA002586
BGA000022,ЕчЛАЛњ V25,Telepon V25,BGA000022
BGA000213,ЕчЛАЛњ,Telepon,BGA000213
BGA000298,ЕчЛАЛњ B255,Telepon B255,BGA000298
BGA000736,ЕчЛАЛњЁЁHCD999(2)TSD,Telepon HCD999 (2) TSD,BGA000736
BGA002592,ЕчЛАЛњ HCD999(3)TSD,Telepon HCD999(3)TSD,BGA002592
BGA003523,ЕчЛАЛњ S1,Pertukaran Telepon S1,BGA003523
BGA003348,IPЕчЛАЛњ S1,Telephone Exchange S1,BGA003348
BGA004052,IPЕчЛАЛњ ESP282-PCG,IP phone ESP282-PCG,BGA004052
BGA005772,IPЕчЛАЛњ ES282-PCG,Telepon IP ES282-PCG,BGA005772
BGA002894,ЭјТчЛАЛњ S1,Telepon internet S1,BGA002894
BGA001501,МЦЫуЦї CASIO MJ120D,Kalkulator CASIO MJ120D,BGA001501
BGA003927,вєЯф T-775,Sound Transmitter T-775,BGA003927
BGA001483,ЛсвщЪввєЯь,perangkat audio konferensi,BGA001483
BGA000979,вєЯфR1000TC,Speaker R1000TC,BGA000979
BGA002698,вєЯф T-260H,Pembicara T-260H,BGA002698
BGA003572,вєЯф i-560,Pembicara i-560,BGA003572
BGA004892,вєЯф VS-18,Pembicara VS-18,BGA004892
BGA005234,вєЯь ITC,Audio ITC,BGA005234
BGA007384,ТѓПЫЗчTS-0308,0,BGA007384
BGA007385,ТѓПЫЗчTS-0308A,0,BGA007385
BGA001214,ТѓПЫЗч,Microphone (Mike),BGA001214
BGA004371,ТѓПЫЗч,Mikropon,BGA004371
BGA004767,ТѓПЫЗч TB-TK999III,Mikrofon TB-TK999III,BGA004767
BGA004768,ТѓПЫЗч K9-S,Mike K9-S,BGA004768
BGA005358,ТѓПЫЗч HM-306,Mikrofon HM-306,BGA005358
BGA006324,ТѓПЫЗч TS-W302D,Mike TS-W302D,BGA006324
BGA005235,РжЦїТѓПЫЗч SM57,Mikrofon instrumen SM57,BGA005235
BGA000105,ЖьОБТѓПЫЗч TE-210зЈвЕЬЈЪНЛсвщТѓПЫ,Mikrofon Gooseneck TE-210 Mikrofon Konferensi Desktop Profesional,BGA000105
BGA003446,ШЋЯђТѓ Іе12030,Gandum segala arah Іе12030,BGA003446
BGA002360,ТМвєЕчЛА G025 ,Recording call G025,BGA002360
BGA000109,КАЛАЦї,Loudspeaker,BGA000109
BGA004860,ЮоЯпЛсвщЛАЭВ OK-121,Mikrofon konferensi nirkabel OK-121,BGA004860
BGA002982,БуаЏЪНжДЗЈМЧТМвЧ VTR8202 256G,Perekam penegakan hukum VTR8202 256G,BGA002982
BGA004861,ЛсвщЩуЯёЭЗ PSE0600,Kamera konferensi PSE0600,BGA004861
BGA004069,ЛсвщЩуЯёЭЗ PTZ,conference camera PTZ,BGA004069
BGA004793,ШЫСГКЫбщжеЖЫ M0826Z,Terminal verifikasi wajah M0826Z,BGA004793
BGA000010,ИпЧхЯп,Kabel HD,BGA000010
BGA000382,ИпЧхЯп 15M,Kendaraan platform udara SX5185JGK8J401R,BGA000382
BGA003859,ИпЧхЯп HDMI-JZ-HSM,Kabel HD HDMI-JZ-HSM,BGA003859
BGA002195,ИпЧхЯп HDMI 1.5m,Kabel HD HDMI 1.5m,BGA002195
BGA004345,HDMIИпЧхЯп 25M,Kabel HDMI definisi tinggi 25M,BGA004345
BGA005242,HDMIИпЧхЯп 8M,Kabel HDMI definisi tinggi 8M,BGA005242
BGA005243,HDMIИпЧхЯп 2M,Kabel HDMI definisi tinggi 2M,BGA005243
BGA000232,ЭјЯп 8аО*30Уз,Kabel jaringan 8 core * 30 meter,BGA000232
BGA000014,Ъ§ОнЯп USB3.0,Kabel data USB3.0,BGA000014
BGA000214,ЕчЛАЯп HA50*2*0.4,"Kabel telepon HA50 * 2 * 0,4",BGA000214
BGA003945,ДЎПкЯп DB9зЊUSBЙЋЖдЙЋ L=2m,Kabel serial DB9 ke USB pria ke pria L=2m,BGA003945
BGA006322,вєЦЕЯп QS401 220V,Kabel Audio QS401 220V,BGA006322
BGA006323,вєЦЕЯп QS6721 220V,Kabel Audio QS6721 220V,BGA006323
BGA000587,бгГЄЯп 1.5M,Kabel perpanjangan USB 1.5M,BGA000587
BGA004814,ИпЧхЯп,0,BGA004814
BGA002062,ЧЇезPoEЕчдД 24V 0.5A,Adaptor Daya PoE Gigabit 24V 0.5A,BGA002062
BGA000339,ЕчЪгЕчЛАЗжЯпЯф 30Дч,Kotak distribusi telepon TV 30 inci,BGA000339
BGA002707,ЕчЛАЗжЯпКа 17014075mm,Kotak sambungan telepon 170*140*75mm,BGA002707
BGA004677,IPЭјТчЙІЗХжеЖЫ T-7760B,Terminal penguat daya jaringan IP T-7760B,BGA004677
BGA004678,IPЭјТчЙІЗХжеЖЫ T-77120B,Terminal penguat daya jaringan IP T-77120B,BGA004678
BGA006052,IPЭјТчЙІЗХжеЖЫ T-77240B,Terminal Penguat Jaringan IP T-77240B,BGA006052
BGA005390,IPЭјТчЙІЗХжеЖЫT-77240Z,0,BGA005390
BGA000144,вдЬЋНЛЛЛЛњ H3C MS4024,Switch Ethernet H3C MS4024,BGA000144
BGA002964,ЭјТчДцДЂЩшБИ DS-A80624S,Perangkat Penyimpanan Jaringan DS-A80624S,BGA002964
BGA003928,Ъ§зжКЯВЂЪНЙІЗХ T-240D,Penguat terintegrasi digital T-240D,BGA003928
BGA000988,ЪгЦЕЗжИюЦї 402D,Pemisah video 402D,BGA000988
BGA005526,ЗўЮёЦїHPEProLiantDL380Gen10ЃЈ2.4GHz/10-coreЃЉ32GB,0,BGA005526
BGA003936,ЛсвщЯЕЭГжїЛњTS-0300M,0,BGA003936
BGA003447,I7ЖРЯд MT51G,I7 grafis independen MT51G,BGA003447
BGA004893,ЙІЗХ EM10001,Penguat EM10001,BGA004893
BGA002065,ЮоЯпЭјЧХ NS-5ACL,Jaringan Wireless NS-5ACL,BGA002065
BGA000746,ЮоЯпЭјЧХ loco M5,Wireless Bridge loco M5,BGA000746
BGA003320,ЮоЯпЭјЧХ NSM5,Jembatan Nirkabel NSM5,BGA003320
BGA007383,ЮоЯпЭјЧХDS-3WFOBC-2NT/P,0,BGA007383
BGA004890,ЮоЯпЭјЧХTL-S5G-15KM,0,BGA004890
BGA003448,ЮоЯпДЋЦС WT01A,Berbagi layar nirkabel WT01A,BGA003448
BGA004834,ЕчФдЕчдД 260W,Catu daya komputer 260W,BGA004834
BGA000250,ДІРэЦї I5,Prosesor I5,BGA000250
BGA000299,ЕчФдЕчдД600W,Power supply komputer 600W,BGA000299
BGA002513,ЕчФдЕчдД SB-380 (ОЩЃЉ,Computer power supply SB-380 (old),BGA002513
BGA001973,ФкДцЬѕ 16G,Modul memori 16G,BGA001973
BGA005003,ФкДцЬѕ 8GB 1R*8 PC4-3200AA-UA2-11 ,Ram 8GB 1R*8 PC4-3200AA-UA2-11,BGA005003
BGA002794,ФкДцЬѕ DDR4 32GB,Stik memori DDR4 32GB,BGA002794
BGA002434,ЭјПЈ INTEL I210аОЦЌ,Kartu jaringan chip INTEL I210,BGA002434
BGA001776,ЬЈЪНЛњЭјПЈ PCI-E 1000m,Kartu Jaringan Desktop PCI-E 1000m,BGA001776
BGA002302,НгЪеПЈ 5A-75B,Menerima kartu 5A-75B,BGA002302
BGA003692,ДђгЁЛњжїАх MFC-T4500DWA,Motherboard pencetak MFC-T4500DW,BGA003692
BGA003693,ДђгЁЛњжїАх MFC-L5900DW,Siku Іе170*10,BGA003693
BGA007499,ЪжГжХчТыЛњAL16,0,BGA007499
BGA000166,аОЦЌ MX-23K,Serbuk  Chip MX-23K,BGA000166
BGA000167,аОЦЌ MX-23M,Serbuk  Chip MX-23M,BGA000167
BGA000168,аОЦЌ MX-23Y,Serbuk Chip MX-23Y,BGA000168
BGA005780,аОЦЌ MX-23CTK,Chip MX-23CTK,BGA005780
BGA005782,аОЦЌ MX-23CTY,Chip MX-23CTY,BGA005782
BGA005779,аОЦЌ MX-23CTC,Chip MX-23CTC,BGA005779
BGA005781,аОЦЌ MX-23CTM,Chip MX-23CTM,BGA005781
BGA004836,ДђгЁЛњаОЦЌ BPAT300-ATS,Chip pencetak BPAT300-ATS,BGA004836
BGA002892,ДђгЁЛњаОЦЌ SHARP MX315V,chip printer SHARP MX315V,BGA002892
BGA000165,аОЦЌ MX-23C,Serbuk Chip MX-23C,BGA000165
BGA000055,ЭјТчЕчЛАВхзљ 86аЭ,Stop kontak telepon  tipe 86,BGA000055
BGA000173,ЫЎОЇЭЗ,Kepala kristal,BGA000173
BGA002679,ЫЎОЇЭЗ RJ45,Jack terdaftar,BGA002679
BGA000174,ЫЎОЇЭЗ ГЌЮхРр,Konektor RJ45 Kategori 5e,BGA000174
BGA004876,е§АцШэМўМгУмЫј USB-KEY,Kunci enkripsi perangkat lunak asli USB-KEY,BGA004876
BGA004981,МгУмЙЗ MACS V5.X-3W-B01,Dongle MACS V5.X-3W-B01,BGA004981
BGA001215,ЖСПЈЦї 3.0 USB,Card Reader USB 3.0,BGA001215
BGA003316,USBЭјТчДђгЁЙВЯэЗўЮёЦї CM-428,Server Berbagi Cetak Jaringan USB CM-428,BGA003316
BGA002126,КЃПЕЭўЪгЯЕЭГЙмРэШэМў 291220,Perangkat lunak manajemen sistem Hikvision 291 * 220,BGA002126
BGA005265,ЕчзгзРХЦ EC07A 178*79*122mm,Kartu meja elektronik EC07A 178*79*122mm,BGA005265
BGA004821,ЩЈУшвЧADFЙіТжЦЄЬз L15150,Casing kulit roller ADF pemindai L15150,BGA004821
BGA002849,ДђгЁЛњИЧЖЅДђгЁЭЗБУ LX-310,Carriage Unit  LX-310,BGA002849
BGA003585,УёвЅМЊЫћаДжБНг5mm,Senar gitar akustik ukuran 5mm,BGA003585
BGA006855,АзАхДХПл Іе3*1CM,Gesper magnetik papan tulis Іе3*1CM,BGA006855
BGA000053,ЬЈЪНЕчФдCPUРфШДЗчЩШ ИпХф,Kipas pendingin CPU komputer desktop Tiggi,BGA000053
BGA000182,ЕчГи 7КХ,Baterai 7,BGA000182
BGA000183,ЕчГи 5КХ,Baterai nomor 5,BGA000183
BGA000184,ЕчГи 1КХ,Baterai 1,BGA000184
BGA000185,ЕчГи 2КХ,Baterai 2,BGA000185
BGA000316,ГфЕчЕчГи 5#,Baterai isi ulang 5 #,BGA000316
BGA005331,ШйгўжЄЪщЭтПЧ КьЩЋ,Cangkang sertifikat kehormatan berwarna merah,BGA005331
BGA000361,ЛсМЦЦОжЄЗтУц 240mm*155mm,Cover Dokumen Akuntansi 240mm * 155mm,BGA000361
BGA003030,ЩшБИШБЯнЕЧМЧБО ЫЋгяАц A4,Buku Registrasi Cacat Peralatan Bilingual A4,BGA003030
BGA002415,ЩшБИШѓЛЌБЃбјМЧБО A4,Notebook pemeliharaan pelumasan peralatan A4,BGA002415
BGA001147,ЪТЙЪдЄЯыМЧТМБО A4,Buku catatan pra-kecelakaan A4,BGA001147
BGA003036,ЪТЙЪдЄЯыМЧТМБО ЫЋгяАц A4,Buku Catatan Prediksi Kecelakaan Versi Bilingual A4,BGA003036
BGA003035,ЪфУКЕчСПБэ5 ЫЋгяАц A4,Coal Transportation Electricity Meter 5 Bilingual Version A4,BGA003035
BGA001619,ааГЕЕуМьБО,Pemeriksaan mengemudi,BGA001619
BGA003263,вЛВПЛњЮёГЕМфЯћЖОЙЄзїМЧТМ(жагЁАц) A4,Catatan pekerjaan disinfeksi di bengkel pemeliharaan (versi China) A4,BGA003263
BGA001515,вЧБэаЃбщМЧТМ,Catatan verifikasi meteran,BGA001515
BGA001006,10TзЅдќааГЕбВМьМЧТМБО A4,10T slag buku catatan inspeksi mengemudi A4,BGA001006
BGA004003,здВщздОРМЧТМБО A4,Buku catatan pemeriksaan mandiri A4,BGA004003
BGA004201,ВњСПЕЧМЧБэ A4,Formulir Pendaftaran Produksi A4,BGA004201
BGA002265,ЕчГ§ГОЮВХХЗчЛњбВМьБэ A4,Meja inspeksi kipas buang ekor penghilang debu listrik A4,BGA002265
BGA001878,ЕчГ§ГОдЫааМЧТМБэ A4,Electric Dedusting Record Form A4,BGA001878
BGA004200,ЗчДуЩшБИбВМьМЧТМ A4,Wind quenching equipment inspection record A4,BGA004200
BGA001911,ЛизЊвЄЕуМьМЧТМБэ A4,Rotary Kiln Inspection Record Form A4,BGA001911
BGA004189,ЛњаоГЕМфгЭКФМЧТМ A4,Catatan Konsumsi Bahan Bakar Bengkel Mekanik A4,BGA004189
BGA004198,ННж§ГЕМфЩшБИЃЈЕуЃЉбВМьМЧТМ A4,Casting workshop equipment (point) inspection record A4,BGA004198
BGA004199,ННж§ГЕМфж§ЬњЛњЩшБИбВМьМЧТМ A4,Inspection record of cast iron machine equipment in foundry A4,BGA004199
BGA004195,УКЗлВжЮТЖШМЧТМБэ A3,Pulverized coal bunker temperature record sheet A3,BGA004195
BGA002480,ЦћЛњНЛНгАрМЧТМБО A4,Buku catatan serah terima perpindahan turbin A4,BGA002480
BGA002469,ЦћЛњЭЃдЫВЮЪ§МЧТМБэ A4,Catatan parameter pematian turbin formulir A4,BGA002469
BGA002475,ЦћЛњбЇЯАМЧТМБО A4,Buku catatan pembelajaran mesin uap A4,BGA002475
BGA001881,ЫЎБУЗПдЫааМЧТМБэ A4,Pump house operation record form A4,BGA001881
BGA001879,ЭЈЗчВМДќГ§ГОдЫааМЧТМБэ A4,Catatan operasi catatan pembuangan debu tas ventilasi A4,BGA001879
BGA001880,ЮВХХЗчЛњдЫааМЧТМБэ A4,Tail exhaust fan operation record form A4,BGA001880
BGA004190,ЯћЖОМЧТМБэ A4,Formulir Catatan Disinfeksi A4,BGA004190
BGA001882,вКбЙЩшБИЕуМьМЧТМБэ A4,Catatan rekaman inspeksi peralatan hidrolik A4,BGA001882
BGA001645,БуЧЉ 7575,Kertas Memo 7575,BGA001645
BGA000013,БуЧЉ,Memo,BGA000013
BGA002986,вЛЦкЗчЛњМьВтВтЮТВтеёБэ A4,Pengukuran suhu deteksi kipas fase I dan pengukur getaran A4,BGA002986
BGA002995,ЦћЛњдЫааБЈБэ Жў A3,Laporan pengoperasian turbin 2 A3,BGA002995
BGA002996,ЦћЛњдЫааБЈБэ Ш§ A3,Laporan pengoperasian turbin tiga A3,BGA002996
BGA002994,ЦћЛњдЫааБЈБэ вЛ A3,Laporan pengoperasian turbin 1 A3,BGA002994
BGA001739,ХфЕчЪвШеГЃбВМьБэ A4,Formulir pemeriksaan harian untuk ruang distribusi tenaga listrik A4,BGA001739
BGA002956,ЛизЊвЄШеБЈБэЪ§ОнЭГМЦ A4,Rotary kiln daily report data statistics A4,BGA002956
BGA001699,ЛЏбЇЫЎЦћМрЖНБЈБэ A3,Laporan Pengawasan Uap Air Kimia A3,BGA001699
BGA001698,ЛЏбЇЫЎДІРэдЫааБЈБэ A3,laporan operasi pengolahan air kimia A3,BGA001698
BGA000973,ЕчЦјдЫааШеБЈБэ A3,Laporan harian pengoperasian kelistrikan A3,BGA000973
BGA003120,ЕчЦјШеБЈБэ ЫЋгяАц A3,Laporan harian kelistrikan versi bilingual A3,BGA003120
BGA004878,ГЕСОЖЈЦкБЃбјМьВщБэ A4,Daftar Periksa Perawatan Berkala Kendaraan A4,BGA004878
BGA002910,30TГЩЦЗПтааГЕШеГЃбВМьБэ A4,30T Formulir Inspeksi Harian Mengemudi Gudang Produk Jadi A4,BGA002910
BGA000978,ЭЃЫЭЕчСЊЯЕЕЅ A5,Form kontak menghentikan suplyan listrik daftar A5,BGA000978
BGA000934,ЩшБИЭЃЫЭЕчСЊЯЕЕЅ A5,Lembar kontak pemadaman peralatan A5,BGA000934
BGA003124,ЦћЛњМьао#4ЛњВтЮТВтеёБэФЃАх A4,Pemeliharaan turbin #4 templat pengukur suhu dan getaran mesin A4,BGA003124
BGA003123,ЦћЛњМьао#3ЛњВтЮТВтеёБэФЃАх A4,Pemeliharaan turbin #3 templat pengukur suhu dan getaran mesin A4,BGA003123
BGA004020,УКЬПдЫЪфВППлМгЗжЕЅ 3СЊ,Formulir Pengurangan dan Tambahan Poin Departemen Perhubungan Batubara sebanyak 3 rangkap,BGA004020
BGA002208,ЛизЊвЄЩњВњМЧТМБэ A4,Catatan produksi tanur putar formulir A4,BGA002208
BGA003122,ИјУКЛњбВМьМЧТМБэ A4,Catatan pemeriksaan pengumpan batubara formulir A4,BGA003122
BGA004191,ИжЫПЩўИќЛЛМЧТМБэ A4,Formulir Catatan Penggantian Tali Kawat A4,BGA004191
BGA003032,ЖўЦк#3БфЦЕЦїбВМьБэ ЫЋгяАц A4,Formulir Pemeriksaan Konverter Frekuensi Tahap II #3 Versi Bilingual A4,BGA003032
BGA000181,зЪСЯ,Informasi/Data,BGA000181
BGA005867,зЪСЯ A4,Informasi A4,BGA005867
BGA005522,зЪСЯ Y6-29 9D,Informasi Y6-29 9D,BGA005522
BGA000111,Ш§аЧбЙЫѕЛњзЪСЯ,Informasi kompresor Samsung,BGA000111
BGA001621,ЛизЊвЄвЄЫйдЫааБэ A4,Tabel pengoperasian kecepatan tanur putar A4,BGA001621
BGA003010,вЛЖўЦкЫЎЦћЗжЮіМрЖНЕЅ A4,Lembar Pengawasan Analisis Uap Air Tahap I dan II A4,BGA003010
BGA004689,ЕчЦјЕквЛжжЙЄзїЦБ ЫЋгяАц A3 ,Tiket Kerja Kelas 1 Listrik Bilingual Versi A3,BGA004689
BGA000940,ЕчЦјЕкЖўжжЙЄзїЦБ A4,Listrik tiket kerja kedua A4,BGA000940
BGA000942,жЕГЄдЫааШежО A4,Nilai log jangka panjang A4,BGA000942
BGA006957,гУЛЇЪжВс FP-3000,User manual FP-3000,BGA006957
BGA003130,ЯЕЭГЭМ A4 ,System Diagram A4,BGA003130
BGA001813,ШШСІЛњаЕЕквЛжжЙЄзїЦБ A3,Tiket kerja mesin termal tipe pertama A3,BGA001813
BGA003011,ЕчЦјдЫаажїШЮзпЯпЙлВьБэ ЫЋгяАц A4,Formulir Pengamatan Pengkabelan Direktur Operasi Listrik Versi Bilingual A4,BGA003011
BGA003012,ЕчЦјМьаожїШЮзпЯпЙлВьБэ ЫЋгяАц A4,Formulir Pengamatan Pengkabelan Petugas Pemeliharaan Listrik Versi Bilingual A4,BGA003012
BGA000179,ВњЦЗжЪСПжЄУїЪщ,Sertifikat kualitas produk,BGA000179
BGA004196,БИЦЗБИМўЯћКФМЧТМ A4,Spare parts consumption record A4,BGA004196
BGA005327,АыЕМЬхМЄЙтЦјЬхЗжЮівЧгУЛЇЪжВс LGA-3500аЭ,Panduan Pengguna Penganalisis Gas Laser Semikonduktor LGA-3500,BGA005327
BGA000127,АВзАЭМ,Diagram instalasi,BGA000127
BGA002110,ЪдбщБЈИц,0,BGA002110
BGA005330,ШйгўжЄЪщФкаОжН 35.525.5CM,Kertas bagian dalam sertifikat kehormatan 35.5*25.5CM,BGA005330
BGA001032,АВШЋЩњВњЛсвщМЧТМБО A4,Risalah rapat keselamatan produksi A4,BGA001032
BGA002551,АрЧАЛсМЧТМБО A4,Note book before class A4,BGA002551
BGA003031,АрЧАЛсМЧТМБО ЫЋгяАц A4,Buku catatan pertemuan pra kelas bilingual versi A4,BGA003031
BGA002693,ГхдќБУдЫааМЧТМБО A4,Buku catatan pengoperasian pompa terak A4,BGA002693
BGA003034,ЕчСПБэШ§ЁЂБэЫФ ЫЋгяАц A4,Electricity meter 3 and 4 Bilingual version A4,BGA003034
BGA003033,ЕчСПБэвЛЁЂБэЖў ЫЋгяАц A4,Electricity meter 1 and meter 2 Bilingual version A4,BGA003033
BGA002963,ЕчТЏГідќГіЬњРфШДЫЎЮТЖШМрВтМЧТМБэ A4,Electric furnace slag tapping cooling water temperature monitoring record table A4,BGA002963
BGA002957,ЕчТЏЕчМЋМгК§МЧТМБэ A4,Catatan pengukuran penambahan pasta elektroda furnace A4,BGA002957
BGA002958,ЕчТЏЮТЖШМрВтМЧТМБэ A4,Electric furnace temperature monitoring record sheet A4,BGA002958
BGA001000,ЕчТЏжїБфбЙЦїбВМьМЧТМБО A4,Buku catatan transformer inspeksi Tungku listrik utama  A4,BGA001000
BGA000937,ЕчЦјБЃЛЄЭЖЭЫМЧТМБО A4,Buku catatan penyerahan proteksi kelistrikan A4,BGA000937
BGA002992,ЕчЦјдЫааШежО ЫЋгяАц A4,Log operasi listrik versi bilingual A4,BGA002992
BGA001003,ЖЏСІБфбЙЦїбВМьМЧТМБО A4,Catatan kegiatan Power Transformer Inspection  A4,BGA001003
BGA003027,ЗчЛњМьВтжагЁЮФМЧТМБэ A4,Formulir catatan tercetak untuk inspeksi kipas A4,BGA003027
BGA002574,LSIЙЋЫОжЦЖШЪжВс,Company Systel Manual,BGA002574
BGA001288,ЙЋЫОжЦЖШЪжВс,Sistem Manual Perusahaan,BGA001288
BGA002985,ЛЏЫЎбВМьМЧТМБО A4,Buku catatan pemeriksaan air kimia A4,BGA002985
BGA002962,ЛизЊвЄЭВЬхВтЮТМЧТМБэ A4,Rotary kiln cylinder temperature measurement record table A4,BGA002962
BGA003127,ЛњЮёМьаобВМьМЧТМБОФЃАх A4,Templat buku catatan inspeksi pemeliharaan A4,BGA003127
BGA003045,ММЪѕХрбЕМЧТМБО ЫЋгяАц A4,Buku catatan pelatihan teknis versi bilingual A4,BGA003045
BGA001762,МгСЯааГЕбВМьМЧТМБО A4,Adding traffic inspection record book A4,BGA001762
BGA003028,НјГЇЛЏЙЄИЈСЯгУСПМЧТМБО A4,Buku catatan konsumsi bahan pembantu kimia yang masuk A4,BGA003028
BGA002719,СЂФЅбВМьМЧТМБО A4,Buku catatan inspeksi pabrik vertikal A4,BGA002719
BGA001033,ШеГЃАВШЋМьВщМЧТМ A4,Catatan pemeriksaan keamanan harian A4,BGA001033
BGA000830,ЭМжН,Gambar Peta,BGA000830
BGA001999,ФјЬњвЛСЖИжЬњЫЎШШЫЭЪ§Он,Ni-Fe-I steel smelting data,BGA001999
BGA003126,ЗЂЕчвЛВПзпЯпФкШн A4,Isi baris pembangkit listrik satu A4,BGA003126
BGA005389,ЭМЪщ,0,BGA005389
BGA000308,ЙуИцХЦ 80cm60cm120cm,Billboard 80cm * 60cm * 120cm,BGA000308
BGA004068,ЛсвщЦНАх SC86CDP,Tablet Konferensi SC86CDP,BGA004068
BGA004363,ЭђЯђТжАьЙЋвЮ 47*45*95CM,Kursi Kantor Roda Universal 47*45*95CM,BGA004363
BGA004362,Й­аЮАьЙЋвЮ 56*50*100CM,Kursi kantor busur 56*50*100CM,BGA004362
BGA000172,АЩвЮ ГЃЙц,Kursi bar standar,BGA000172
BGA002929,ЦСЗчзРдВЬѕ,Bilah bundar meja layar,BGA002929
BGA002930,ЦСЗчзРБпЬѕ,Bilah samping meja layar,BGA002930
BGA002925,ЦСЗчзРЩЯЯТ1Вц,Layar meja atas dan bawah 1 garpu,BGA002925
BGA002931,ЦСЗчзРзРУцжЇГХаЁХфМўКЌТнЫП,Meja layar Aksesori pendukung desktop dengan sekrup,BGA002931
BGA002920,ЦСЗчзРВрАхАќРЈВЃСЇ 1.2m,Panel samping meja layar termasuk kaca 1.2m,BGA002920
BGA002921,ЦСЗчзРВрАхАќРЈВЃСЇ 1.4m,"Panel samping meja layar termasuk kaca 1,4m",BGA002921
BGA002922,ЦСЗчзРВрАхАќРЈВЃСЇ 60cm,Panel samping meja layar termasuk kaca 60cm,BGA002922
BGA006662,зРзг 1195*538*740MM ,Tabel 1195*538*740MM,BGA006662
BGA002919,ЦСЗчзРзРУц,Meja layar desktop,BGA002919
BGA002923,ЦСЗчзРжЇГХАц 50cm,Versi dukungan tabel layar 50cm,BGA002923
BGA002924,ЦСЗчзРЙёзг,lemari meja layar,BGA002924
BGA002808,Йёзг 1975770mm,Perabot Kantor 1975*770mm,BGA002808
BGA002439,Kabel Perpanjangan USB (USB Extension) 2.0,МќЪѓ NX1500,BGA002439
BGA007380,Set Keyboard & Mouse NX1500,МќЪѓ NX1500,BGA007380
BGA000362,У­Йм GD-50EC,Pipa memukau GD-50EC,BGA000362
BGA000141,гВНКжЄПЈ B2 124*80,Kartu karet keras B2 124 * 80,BGA000141
BGA005956,Komputer OPTIFLEX XE3 TOWER,МЦЫуЛњ OPTIFLEX XE3 TOWER,BGA005956
BGA005994,Perangkat Lunak Sistem Akuisisi Data PAS-DAS,Ъ§ОнВЩМЏЯЕЭГШэМў PAS-DAS V1.0,BGA005994
BGA000828,БъЪОХЦ 30*15CM,Papan nama 30 * 15CM,BGA000828
BGA005490,Unit Komputer DELL (Host/Server),МЦЫуЛњ DELL,BGA005490
BGA007927,Manual Instruksi Perangkat Proteksi & Kontrol PS 640UX,БЃЛЄВтПизАжУЫЕУїЪщ PS 640UX,BGA007927
BGA007928,Manual Instruksi Perangkat Kontrol Terintegrasi PSR 660U,злКЯВтПизАжУЫЕУїЪщ PSR 660U,BGA007928
BGA000110,БъХЦ 30*60,Papan tanda 30*60,BGA000110
BGA000209,БъЪОХЦ Іе22 ПлЪН,Papan nama Іе22 tombol,BGA000209
BGA001211,Switch Ethernet H3C S5110-28P,вдЬЋЭјНЛЛЛЛњ H3C S5110-28P,BGA001211
BGA001406,Surat Kerja Kategori Pertama Elektrik,ЕчЦјЕквЛжжЙЄзїЦБ,BGA001406
BGA002593,Alas mouse 300*800mm,ЪѓБъЕц 300*800mm,BGA002593
BGA002613,"Monitor 21,5 inci",ЯдЪОЦї 21.5Дч,BGA002613
BGA003850,ВЛИЩНКБъЧЉжН 3015CM,Kertas label Sticker 3015CM,BGA003850
BGA005373,Pelat bantalan rapat 335*250MM,ЛсвщЕцАх 335*250MM,BGA005373
BGA005433,Keyboard Bahasa Cina CS3100,жаЮФМќХЬ CS3100,BGA005433
BGA005461,Speaker CL60,вєЯф CL60,BGA005461
BGA005464,Speaker DIVA 1200 TOP,вєЯф DIVA 1200 TOP,BGA005464
